,label,feature1,feature2
0,-1.0,0.44413086,-5.4968125
6,1.0,0.12304297,-0.707875
8,1.0,0.11385937,-0.931375
11,1.0,0.11537109,-0.386
12,1.0,0.10228125,-0.3788125
18,1.0,0.14204297,-1.8194375
28,1.0,0.14896484,-0.9749375
33,1.0,0.12889648,-0.521625
38,-1.0,0.21798242,-3.359625
43,1.0,0.1438125,-0.2509375
69,1.0,0.18283984,-1.0160625
81,1.0,0.14866406,-0.3103125
91,1.0,0.13639648,-0.3523125
111,1.0,0.13327539,-0.8525
118,-1.0,0.304,-4.2009375
123,1.0,0.170125,-0.8236875
125,1.0,0.16058398,-0.5146875
128,1.0,0.18338477,-1.7868125
136,1.0,0.18854883,-1.38175
142,-1.0,0.33870313,-4.6759375
143,1.0,0.14189258,-0.6160625
146,-1.0,0.36472656,-5.27075
165,-1.0,0.32936523,-4.9815
174,1.0,0.22682812,-0.9900625
178,1.0,0.14505859,-0.5869375
183,1.0,0.17768945,-0.8363125
196,1.0,0.093220703,-0.5623125
205,1.0,0.1409375,-0.6854375
210,-1.0,0.19998828,-4.3165625
220,1.0,0.1327793,-0.6373125
232,1.0,0.15301367,-0.3863125
233,1.0,0.13911328,-0.42825
235,1.0,0.12841992,-0.312625
244,1.0,0.13370312,-0.8206875
245,1.0,0.19053711,-0.814
249,1.0,0.22575,-0.9669375
250,1.0,0.10354883,-0.8704375
252,1.0,0.13164844,-0.6746875
255,1.0,0.14570117,-0.6723125
257,1.0,0.17437305,-1.1169375
258,1.0,0.14452539,-0.301
260,-1.0,0.25895117,-4.7979375
261,-1.0,0.24378906,-4.7823125
264,-1.0,0.29211523,-5.5613125
272,1.0,0.13310156,-0.8990625
275,-1.0,0.18447266,-3.474625
280,1.0,0.10353711,-0.32425
283,1.0,0.11791602,-0.928125
288,1.0,0.15707422,-0.3799375
298,-1.0,0.20691602,-3.74675
308,1.0,0.17952344,-0.905875
310,1.0,0.1520625,-0.365125
312,1.0,0.14062305,-0.4494375
318,1.0,0.1064707,-1.0458125
325,-1.0,0.20191211,-3.6116875
343,1.0,0.15307227,-0.6921875
347,-1.0,0.4447832,-5.192375
350,-1.0,0.22581641,-4.0114375
352,1.0,0.14643359,-0.4403125
355,1.0,0.19324805,-1.237
358,-1.0,0.30793359,-6.8123125
359,-1.0,0.24226758,-5.4451875
363,1.0,0.18004688,-0.73
375,-1.0,0.33945508,-5.1548125
376,-1.0,0.34478125,-5.5698125
379,1.0,0.090535156,-0.549875
384,1.0,0.18330469,-1.0176875
390,-1.0,0.35733008,-5.43475
392,1.0,0.13256836,-0.4560625
394,1.0,0.13386133,-1.2381875
406,-1.0,0.23699023,-4.6709375
414,-1.0,0.31241797,-5.316625
416,1.0,0.20066016,-0.89125
419,-1.0,0.22704492,-4.5253125
427,1.0,0.22024414,-0.4883125
430,1.0,0.13918359,-0.2368125
440,-1.0,0.16456055,-2.7685625
443,-1.0,0.35155469,-4.9226875
445,1.0,0.14582422,-0.899875
455,1.0,0.11248828,-0.94625
458,1.0,0.11079297,-1.479125
461,-1.0,0.22054102,-4.6275625
465,1.0,0.14000195,-0.3459375
468,1.0,0.17200195,-1.5355625
474,1.0,0.17664258,-0.5855625
483,1.0,0.19665234,-1.8435
486,1.0,0.11981641,-0.8105625
489,-1.0,0.20003516,-3.9598125
502,1.0,0.15559375,-1.099625
505,1.0,0.13248242,-0.472
507,1.0,0.094105469,-1.25525
509,1.0,0.10238867,-0.5438125
517,1.0,0.16658594,-0.6339375
525,1.0,0.14530859,-0.7505625
528,1.0,0.13091406,-0.335375
536,1.0,0.21311133,-0.706
546,1.0,0.11116211,-0.5193125
556,1.0,0.18099805,-0.7325625
561,-1.0,0.27249219,-4.408625
571,1.0,0.13950195,-0.3895625
595,1.0,0.14158398,-1.0695625
598,1.0,0.10040625,-0.363125
604,-1.0,0.20799219,-4.0975625
619,1.0,0.17087891,-0.721875
620,1.0,0.1547793,-0.430125
627,1.0,0.241625,-0.6540625
631,1.0,0.17457617,-0.277875
632,1.0,0.18857422,-0.419
641,1.0,0.23095117,-0.7899375
645,-1.0,0.35479102,-5.16575
673,1.0,0.13761328,-0.2299375
674,-1.0,0.27346484,-5.3194375
697,1.0,0.13340625,-0.3335625
698,1.0,0.12943359,-0.3091875
699,1.0,0.13410156,-0.3480625
700,1.0,0.12999609,-0.2566875
702,1.0,0.11766797,-0.6435
706,1.0,0.19902539,-0.705375
713,1.0,0.11714258,-0.2729375
717,-1.0,0.1849043,-3.6331875
718,1.0,0.1092793,-0.1195
721,-1.0,0.14020508,-2.8765
726,1.0,0.13987891,-0.900375
727,1.0,0.1466582,-0.7234375
733,-1.0,0.35932617,-6.08425
737,1.0,0.18685742,-0.795125
738,1.0,0.15216406,-1.026125
744,-1.0,0.33897266,-5.44625
752,1.0,0.098416016,-0.5598125
755,1.0,0.18373828,-0.7175625
761,1.0,0.20873242,-0.837375
762,-1.0,0.26691406,-3.8111875
765,1.0,0.14672852,-0.4580625
770,1.0,0.19811523,-0.6894375
774,1.0,0.18283203,-1.520625
779,1.0,0.11626172,-0.3598125
785,1.0,0.1512207,-0.6226875
789,1.0,0.10675781,-0.5901875
794,1.0,0.13518945,-1.040625
797,1.0,0.12067969,-1.18375
799,1.0,0.10128711,-0.4778125
807,1.0,0.1440918,-0.530375
809,1.0,0.12871094,-0.45625
814,1.0,0.15054688,-0.7015
825,-1.0,0.32707617,-5.3795
858,1.0,0.22023828,-1.059
861,-1.0,0.36448047,-5.8969375
871,-1.0,0.4319082,-4.9931875
894,1.0,0.19747266,-1.3880625
903,-1.0,0.34739258,-4.986
907,-1.0,0.28666016,-4.5425625
908,-1.0,0.21938672,-3.08825
910,1.0,0.12100586,-0.6644375
916,1.0,0.23962695,-3.3054375
931,1.0,0.18341992,-0.5265625
936,1.0,0.068253906,-1.364625
940,1.0,0.15165234,-0.2708125
942,-1.0,0.28221484,-5.066125
947,-1.0,0.33359375,-4.6084375
950,-1.0,0.24210937,-3.6994375
953,1.0,0.15173438,-0.3281875
958,1.0,0.17936523,-0.338875
959,-1.0,0.39511133,-5.375
967,1.0,0.22475195,-0.9225625
973,1.0,0.13105469,-0.5008125
987,1.0,0.23009766,-1.691
998,-1.0,0.30248438,-5.774375
1013,-1.0,0.18441602,-3.94975
1014,-1.0,0.19592383,-3.6909375
1035,-1.0,0.26565625,-4.6618125
1039,-1.0,0.35425195,-5.4400625
1046,-1.0,0.34451172,-5.8075
1049,-1.0,0.35028711,-6.351625
1051,1.0,0.18833008,-0.6915625
1054,-1.0,0.30993359,-5.042375
1058,-1.0,0.52801953,-5.481
1073,1.0,0.097367187,-0.3933125
1074,1.0,0.11523828,-0.337875
1077,-1.0,0.34674805,-4.9859375
1082,-1.0,0.31473047,-4.4974375
1084,1.0,0.21329102,-1.593375
1087,-1.0,0.16533203,-3.7995
1091,1.0,0.24764258,-2.31925
1092,1.0,0.18626758,-0.37225
1096,1.0,0.11413086,-0.477125
1099,1.0,0.13545703,-0.464375
1100,1.0,0.16185547,-1.519125
1105,1.0,0.10926758,-0.602625
1108,1.0,0.14279883,-0.327
1110,1.0,0.15260742,-0.6134375
1112,1.0,0.13732227,-0.7014375
1113,1.0,0.16117578,-0.577
1116,1.0,0.24395898,-0.680875
1118,1.0,0.1559375,-0.8766875
1134,1.0,0.10433789,-0.7885625
1139,1.0,0.14129492,-0.4656875
1143,-1.0,0.37476758,-6.0885625
1150,1.0,0.12355664,-0.64775
1155,-1.0,0.22929492,-4.1615
1177,-1.0,0.22442969,-3.56525
1179,-1.0,0.33296875,-5.5289375
1181,1.0,0.16250977,-0.47425
1183,1.0,0.082808594,-0.74025
1191,1.0,0.14485938,-0.651875
1197,-1.0,0.27114648,-4.04875
1199,1.0,0.084984375,-0.5738125
1201,1.0,0.17481445,-0.4135
1204,1.0,0.10628906,-0.8430625
1206,1.0,0.10816211,-1.3498125
1207,-1.0,0.21854297,-4.6409375
1209,1.0,0.11371484,-1.3401875
1213,1.0,0.19671875,-0.690875
1218,1.0,0.16481641,-0.7265625
1221,1.0,0.17062695,-1.560375
1223,1.0,0.11067187,-0.37425
1226,1.0,0.16874414,-0.8499375
1227,1.0,0.14517578,-1.09425
1229,1.0,0.21433203,-0.5856875
1234,1.0,0.1915625,-0.5208125
1238,-1.0,0.37276172,-6.2431875
1240,1.0,0.16689258,-0.5921875
1243,-1.0,0.21350781,-4.545
1245,1.0,0.10826172,-1.0439375
1248,-1.0,0.36864453,-5.4316875
1250,1.0,0.13022852,-0.74225
1252,1.0,0.17794922,-0.6195625
1253,1.0,0.16685937,-0.8211875
1256,1.0,0.11771094,-0.544125
1262,1.0,0.13186523,-0.550625
1266,1.0,0.13156836,-0.504875
1271,1.0,0.098625,-0.66875
1276,1.0,0.1880293,-0.5796875
1280,1.0,0.19277148,-0.5951875
1284,1.0,0.22143555,-0.4406875
1289,1.0,0.22935352,-0.6626875
1292,1.0,0.14379492,-0.279
1293,1.0,0.24325195,-0.4575625
1295,1.0,0.12187695,-0.573875
1312,-1.0,0.35889258,-6.5419375
1334,1.0,0.12307812,-0.750125
1339,1.0,0.14494531,-0.4871875
1344,1.0,0.071806641,-0.5965625
1347,1.0,0.10868945,-0.1948125
1349,1.0,0.16311719,-0.6065
1351,-1.0,0.43250195,-4.395375
1352,1.0,0.22277734,-1.3945
1356,1.0,0.11905273,-0.72825
1361,1.0,0.1243418,-0.2868125
1364,1.0,0.13659961,-1.093125
1369,1.0,0.16690234,-0.4658125
1383,1.0,0.13354297,-0.4223125
1386,-1.0,0.37187109,-5.5975
1391,-1.0,0.31933203,-4.76475
1392,1.0,0.15263867,-0.5178125
1408,-1.0,0.29941016,-4.748375
1411,1.0,0.22716406,-0.7374375
1412,-1.0,0.31458398,-6.05
1413,1.0,0.21747852,-0.8331875
1416,1.0,0.098914062,-0.388625
1423,-1.0,0.1780957,-3.2313125
1426,1.0,0.1644043,-0.570625
1431,1.0,0.14757227,-0.2563125
1432,1.0,0.16332227,-0.216
1450,-1.0,0.35349219,-6.191
1452,1.0,0.11821484,-0.8154375
1457,1.0,0.13314062,-0.5588125
1462,1.0,0.12799414,-0.743125
1467,1.0,0.13647852,-0.844625
1475,1.0,0.15538281,-0.9361875
1478,1.0,0.16656641,-0.6311875
1479,1.0,0.14892383,-0.8833125
1480,1.0,0.11047852,-0.599625
1483,1.0,0.13817969,-0.2635
1484,1.0,0.11149023,-0.2650625
1485,1.0,0.21555273,-0.8249375
1488,1.0,0.1419707,-0.6945625
1493,1.0,0.10350977,-0.1501875
1497,1.0,0.085785156,-0.5461875
1498,1.0,0.094929688,-0.6895
1501,1.0,0.10053125,-1.1860625
1503,1.0,0.14802344,-0.3280625
1505,-1.0,0.30542383,-4.773875
1508,1.0,0.11340039,-0.3565625
1511,1.0,0.1297207,-0.468625
1512,1.0,0.093216797,-0.45825
1513,1.0,0.13148437,-0.5563125
1515,-1.0,0.25544727,-3.8409375
1518,1.0,0.16048437,-0.496375
1523,1.0,0.14639062,-1.8294375
1528,1.0,0.12647656,-0.446
1530,-1.0,0.22999023,-4.06075
1533,1.0,0.11014062,-0.635375
1538,1.0,0.24110547,-0.6
1546,1.0,0.25077539,-1.1349375
1552,-1.0,0.21479102,-3.233
1555,1.0,0.14623242,-1.0671875
1558,1.0,0.15272266,-0.494
1559,-1.0,0.2909043,-5.123375
1564,1.0,0.091390625,-0.3915625
1565,1.0,0.20551367,-0.3664375
1568,-1.0,0.25061328,-4.3894375
1569,-1.0,0.20934961,-3.377625
1570,1.0,0.16712305,-0.8416875
1573,1.0,0.19735156,-0.4304375
1574,1.0,0.16803906,-1.3530625
1576,-1.0,0.2040625,-3.052875
1579,1.0,0.10358594,-0.9358125
1584,1.0,0.17791992,-1.055
1588,1.0,0.12116602,-0.2950625
1593,1.0,0.10192383,-0.33725
1598,1.0,0.17878906,-0.7194375
1603,1.0,0.10512695,-0.3761875
1606,1.0,0.11716797,-0.493375
1607,1.0,0.092326172,-0.365625
1608,1.0,0.14992773,-0.4365625
1611,-1.0,0.39625195,-5.7065625
1612,-1.0,0.34291602,-5.659125
1613,1.0,0.15420898,-1.619875
1618,1.0,0.0925,-0.405875
1625,1.0,0.15075781,-0.2981875
1626,1.0,0.14753516,-0.62325
1631,1.0,0.13383789,-0.706375
1636,1.0,0.10614258,-0.2461875
1639,1.0,0.13176758,-0.3184375
1640,1.0,0.11671289,-0.85325
1643,-1.0,0.37918555,-4.8870625
1645,1.0,0.18440625,-0.6248125
1654,1.0,0.15686523,-0.94725
1661,-1.0,0.27834961,-3.9286875
1662,1.0,0.16303125,-1.1005625
1666,1.0,0.14702148,-1.28975
1668,1.0,0.12066406,-0.7008125
1671,1.0,0.095267578,-0.5049375
1681,1.0,0.16949023,-1.1785
1682,1.0,0.15358594,-0.56225
1685,1.0,0.14886328,-0.40175
1692,1.0,0.1994375,-0.463375
1694,1.0,0.12764062,-0.390375
1698,-1.0,0.48716016,-4.86025
1699,1.0,0.11573242,-0.4068125
1708,1.0,0.25565625,-1.4544375
1712,1.0,0.13794531,-0.4776875
1716,1.0,0.22255859,-2.02525
1718,1.0,0.23245703,-1.195625
1719,1.0,0.16217188,-2.327625
1721,1.0,0.10803516,-0.1565625
1728,1.0,0.13883789,-0.8361875
1731,-1.0,0.33233008,-5.5936875
1734,1.0,0.10207617,-1.067
1736,-1.0,0.40561133,-5.3205
1739,-1.0,0.34549414,-5.2533125
1741,-1.0,0.15241797,-2.6614375
1744,1.0,0.11921875,-0.508875
1746,-1.0,0.24530469,-4.861
1749,1.0,0.12054883,-0.5316875
1751,-1.0,0.26879883,-3.4326875
1754,1.0,0.19209375,-0.4173125
1791,1.0,0.10664258,-1.4766875
1793,-1.0,0.19991992,-3.5648125
1796,1.0,0.12649023,-0.3653125
1826,-1.0,0.32481836,-6.3535
1827,1.0,0.18139648,-0.618875
1828,-1.0,0.24904688,-4.5860625
1832,1.0,0.21677539,-1.36575
1835,1.0,0.10305469,-0.2403125
1837,1.0,0.090236328,-0.73775
1848,1.0,0.18232422,-0.7585
1857,1.0,0.1652832,-0.774875
1865,1.0,0.20256055,-1.8050625
1871,1.0,0.096822266,-0.44275
1873,1.0,0.099722656,-0.31875
1878,1.0,0.15209375,-0.8670625
1883,1.0,0.13455859,-0.41975
1887,-1.0,0.26508984,-4.06
1888,1.0,0.090865234,-0.7323125
1893,1.0,0.17518555,-0.4829375
1895,1.0,0.15018359,-0.1978125
1897,1.0,0.13851953,-0.4943125
1898,1.0,0.19461914,-1.3445625
1899,-1.0,0.27323438,-4.118625
1901,1.0,0.11639844,-0.897625
1905,1.0,0.15276953,-0.793625
1906,1.0,0.10781641,-0.6705
1911,1.0,0.096380859,-0.32325
1913,1.0,0.11195312,-0.3650625
1915,1.0,0.10279687,-0.2023125
1916,1.0,0.14711914,-0.7550625
1918,1.0,0.15537305,-0.8425
1921,1.0,0.26716211,-0.6474375
1923,1.0,0.24172656,-0.6289375
1925,1.0,0.19223047,-0.8635
1926,1.0,0.21121289,-0.41525
1928,1.0,0.20566406,-0.5256875
1930,1.0,0.1553125,-0.3605
1931,1.0,0.10585156,-0.4585
1934,-1.0,0.25041016,-4.2638125
1935,-1.0,0.2369043,-4.1780625
1936,1.0,0.18532422,-1.690875
1938,1.0,0.14759375,-0.6025625
1941,1.0,0.15058984,-0.7519375
1943,1.0,0.15495508,-0.492875
1946,1.0,0.1065625,-1.722625
1948,1.0,0.10953125,-1.2106875
1950,1.0,0.073541016,-0.704625
1951,1.0,0.12032031,-0.275875
1954,1.0,0.16873047,-0.674
1956,1.0,0.17599805,-0.4551875
1961,1.0,0.16974609,-0.8895625
1963,1.0,0.19689648,-1.5423125
1966,1.0,0.12021484,-0.266625
1968,1.0,0.12619336,-0.4399375
1970,1.0,0.1387832,-0.2895
1971,1.0,0.24887109,-0.7735625
1975,1.0,0.19436328,-0.691125
1976,1.0,0.22131836,-0.972
1978,1.0,0.14681641,-0.7633125
1979,1.0,0.13424609,-1.040625
1982,1.0,0.10086328,-0.3555
1985,1.0,0.13451758,-0.776
1987,1.0,0.14864063,-0.8965625
1990,1.0,0.089394531,-0.407625
1993,1.0,0.11748828,-0.8951875
1994,-1.0,0.27151172,-4.3516875
1995,1.0,0.077960938,-0.51175
1998,1.0,0.10139063,-0.265875
2000,1.0,0.15570703,-0.706375
2004,-1.0,0.37691602,-4.8575625
2005,1.0,0.1989707,-1.7538125
2009,1.0,0.12149023,-0.6396875
2011,1.0,0.10471094,-0.235125
2016,1.0,0.20061523,-1.3003125
2017,1.0,0.21743555,-0.8601875
2018,-1.0,0.34958789,-6.155125
2023,-1.0,0.27255078,-4.94375
2026,1.0,0.20523633,-0.7739375
2034,1.0,0.18399219,-0.6701875
2037,1.0,0.094521484,-0.787
2042,1.0,0.093222656,-0.914125
2044,1.0,0.23533594,-0.856375
2045,1.0,0.23345117,-1.063375
2046,1.0,0.28416211,-1.2368125
2048,1.0,0.18671094,-0.538125
2049,1.0,0.17999414,-0.934875
2050,1.0,0.20324609,-0.926125
2051,1.0,0.19198828,-0.5795625
2052,1.0,0.17612305,-1.000625
2059,1.0,0.079640625,-0.79925
2063,1.0,0.13176172,-0.646875
2065,1.0,0.24884961,-0.97475
2082,-1.0,0.30758008,-4.352375
2088,-1.0,0.2037168,-4.164625
2090,-1.0,0.17627734,-3.7154375
2092,-1.0,0.20374805,-4.2816875
2100,-1.0,0.3470957,-5.6554375
2103,1.0,0.12444727,-0.638875
2109,-1.0,0.28688477,-4.852125
2110,1.0,0.11802539,-0.5254375
2115,1.0,0.13932031,-1.2410625
2135,-1.0,0.29443555,-4.777625
2138,1.0,0.17714062,-2.3680625
2145,-1.0,0.15448633,-3.7628125
2149,1.0,0.067634766,-1.410875
2158,1.0,0.19523047,-0.8776875
2169,-1.0,0.38319141,-5.44775
2175,1.0,0.089236328,-0.6251875
2186,1.0,0.22025,-3.0306875
2196,1.0,0.091064453,-0.33625
2212,1.0,0.15889062,-0.7723125
2219,1.0,0.11264648,-0.2361875
2222,-1.0,0.25864844,-4.2033125
2224,1.0,0.20147461,-0.6586875
2227,1.0,0.20106445,-0.5115
2229,1.0,0.17035547,-0.60275
2232,1.0,0.20624609,-0.4856875
2234,1.0,0.15667773,-0.576625
2237,1.0,0.12742188,-0.7746875
2239,1.0,0.1367793,-1.2078125
2242,-1.0,0.15593555,-3.0060625
2243,1.0,0.13757031,-0.627
2249,1.0,0.1735625,-0.5236875
2251,1.0,0.13386328,-0.4603125
2256,1.0,0.18241406,-1.7259375
2259,-1.0,0.2882832,-4.770875
2261,-1.0,0.24598828,-4.489875
2264,1.0,0.13016797,-0.4386875
2265,1.0,0.10491016,-0.7456875
2269,-1.0,0.18180469,-3.0364375
2270,1.0,0.21874023,-0.899
2273,1.0,0.20094141,-0.5901875
2279,-1.0,0.38185937,-5.7153125
2286,1.0,0.14100391,-0.72
2289,1.0,0.21762109,-0.919625
2294,1.0,0.14162305,-1.396
2299,-1.0,0.30476953,-5.2653125
2310,1.0,0.231125,-0.94875
2311,-1.0,0.32344922,-5.2779375
2313,1.0,0.13760156,-0.6756875
2314,1.0,0.14508789,-0.4515
2318,1.0,0.12403711,-0.45925
2327,1.0,0.23783789,-0.9815625
2336,-1.0,0.1738125,-3.8840625
2340,1.0,0.091367187,-0.4304375
2347,1.0,0.13489258,-0.252625
2350,1.0,0.11755859,-0.546625
2354,1.0,0.060169922,-0.6791875
2356,1.0,0.15309961,-0.517875
2358,-1.0,0.18081641,-3.34325
2364,-1.0,0.28462695,-4.688625
2369,-1.0,0.36860742,-5.2060625
2371,1.0,0.19113086,-0.9529375
2372,-1.0,0.31378711,-4.869
2373,-1.0,0.2720625,-5.821875
2377,-1.0,0.37411719,-4.8251875
2380,1.0,0.21592969,-0.6776875
2381,-1.0,0.35986719,-5.0923125
2384,1.0,0.13743359,-0.297875
2385,-1.0,0.31410352,-5.3563125
2389,-1.0,0.37716016,-5.5358125
2392,1.0,0.19616016,-0.8749375
2393,-1.0,0.38608203,-5.83775
2394,-1.0,0.17764258,-3.615625
2407,-1.0,0.23594531,-4.2834375
2409,1.0,0.10736719,-0.22725
2410,1.0,0.12208984,-0.3139375
2412,1.0,0.093611328,-0.458625
2422,1.0,0.14385742,-0.716375
2430,1.0,0.15754102,-0.3066875
2454,1.0,0.19193359,-1.929375
2461,-1.0,0.23297852,-3.4668125
2462,1.0,0.11691992,-0.5206875
2464,-1.0,0.33986133,-5.56675
2480,-1.0,0.34370508,-6.6133125
2481,-1.0,0.28977539,-5.54325
2484,1.0,0.16531836,-0.9685
2492,-1.0,0.18545703,-3.2850625
2506,1.0,0.19510156,-0.5563125
2509,1.0,0.17750586,-0.406875
2511,-1.0,0.26604883,-5.25375
2515,1.0,0.14119141,-0.4194375
2519,1.0,0.14755273,-0.888
2520,1.0,0.12993359,-1.4123125
2521,1.0,0.1147207,-0.7149375
2524,-1.0,0.31289453,-4.549
2530,1.0,0.11771484,-0.616875
2535,1.0,0.20846484,-0.99375
2545,1.0,0.094763672,-0.387625
2546,1.0,0.10303711,-0.8368125
2547,1.0,0.095126953,-1.0759375
2552,1.0,0.09196875,-0.3141875
2555,1.0,0.15125391,-0.55175
2560,-1.0,0.2479082,-4.1050625
2562,1.0,0.17710352,-0.5270625
2572,1.0,0.13530078,-0.444875
2574,1.0,0.1347207,-0.775875
2580,1.0,0.20369141,-1.43725
2586,1.0,0.11716797,-0.513625
2592,-1.0,0.27169336,-5.148125
2595,1.0,0.13424219,-0.5000625
2605,1.0,0.14160156,-0.5989375
2609,1.0,0.24479297,-1.2194375
2614,1.0,0.20809961,-0.483625
2615,1.0,0.20914453,-0.4818125
2626,-1.0,0.40190039,-4.0061875
2628,-1.0,0.41519336,-4.189625
2629,-1.0,0.32014844,-4.688375
2634,-1.0,0.18764453,-3.5874375
2639,1.0,0.10148242,-0.4575
2643,1.0,0.091589844,-0.5614375
2648,1.0,0.11670117,-0.622625
2660,1.0,0.12712305,-0.6914375
2675,-1.0,0.30072461,-5.2973125
2676,-1.0,0.24657422,-5.283375
2678,1.0,0.13001367,-0.53625
2688,1.0,0.19203906,-0.745625
2690,1.0,0.13571484,-1.0553125
2692,-1.0,0.20479297,-4.5269375
2694,1.0,0.083164063,-0.5235
2697,-1.0,0.31609375,-4.556375
2700,1.0,0.16033008,-0.694875
2701,1.0,0.16083203,-0.8519375
2702,1.0,0.13907227,-0.529875
2704,-1.0,0.23667383,-3.7280625
2705,1.0,0.18955664,-0.8383125
2710,1.0,0.10375391,-0.212
2716,1.0,0.20165625,-0.8826875
2717,1.0,0.1653418,-1.166875
2720,1.0,0.14779688,-0.9204375
2736,-1.0,0.2713125,-4.0443125
2741,-1.0,0.38089258,-4.9790625
2752,1.0,0.13903711,-0.8685625
2754,1.0,0.12626758,-0.246375
2756,1.0,0.18621875,-1.0839375
2759,1.0,0.18196484,-0.68075
2760,1.0,0.21911914,-0.590625
2764,1.0,0.1649375,-0.4799375
2766,-1.0,0.3780293,-5.445875
2768,1.0,0.14872266,-0.407125
2775,1.0,0.16046484,-0.79175
2777,-1.0,0.22146875,-4.413
2783,1.0,0.22937891,-0.679375
2786,-1.0,0.15563281,-3.469125
2792,1.0,0.18467578,-2.040125
2800,-1.0,0.39191602,-5.2935
2801,1.0,0.16627539,-0.5924375
2802,-1.0,0.37720898,-5.5465625
2805,-1.0,0.28387695,-4.8706875
2813,-1.0,0.284875,-5.496625
2816,1.0,0.1249668,-0.989125
2822,-1.0,0.15659961,-3.070875
2832,1.0,0.092253906,-1.2986875
2836,1.0,0.14417773,-0.458875
2846,-1.0,0.33624023,-6.860125
2852,1.0,0.16164258,-0.3683125
2853,1.0,0.16263477,-0.3573125
2857,-1.0,0.24494141,-4.1144375
2861,-1.0,0.2751875,-4.6055625
2866,-1.0,0.25738867,-4.4885
2869,1.0,0.092449219,-1.3479375
2871,-1.0,0.26739062,-5.0718125
2876,-1.0,0.31599023,-4.90325
2879,1.0,0.15559766,-0.45925
2883,-1.0,0.28314844,-4.734
2888,-1.0,0.31408984,-5.2239375
2890,1.0,0.19182813,-1.3671875
2900,-1.0,0.34810156,-5.0919375
2902,-1.0,0.22113672,-3.8909375
2903,-1.0,0.24269336,-4.49325
2905,1.0,0.11262109,-0.8276875
2906,-1.0,0.39140039,-5.2985625
2907,1.0,0.18350195,-2.1923125
2912,1.0,0.20761914,-1.4529375
2922,1.0,0.1375918,-0.3901875
2934,-1.0,0.40123242,-5.4555625
2950,-1.0,0.33154688,-4.8363125
2952,-1.0,0.35174023,-4.682875
2953,-1.0,0.21965625,-4.0564375
2958,-1.0,0.30915625,-4.5255
2960,-1.0,0.37858984,-6.0868125
2963,-1.0,0.25016406,-5.0289375
2967,-1.0,0.21081055,-3.7844375
2973,1.0,0.11748828,-0.4265
2976,-1.0,0.15663281,-3.2999375
2979,1.0,0.11569922,-0.68975
2997,-1.0,0.28595703,-5.3775625
3002,1.0,0.13530273,-0.4311875
3008,1.0,0.098894531,-0.3690625
3013,1.0,0.16294336,-0.344
3020,-1.0,0.2179043,-4.7313125
3026,-1.0,0.19526562,-3.679375
3027,1.0,0.10410156,-0.1661875
3033,-1.0,0.25605469,-4.37625
3034,-1.0,0.35900977,-5.2805
3038,-1.0,0.33317188,-4.68725
3039,-1.0,0.36764648,-5.1503125
3054,1.0,0.17526562,-0.863125
3069,1.0,0.13030859,-0.74725
3080,1.0,0.13804688,-0.4255
3087,1.0,0.16597852,-0.8105625
3094,1.0,0.10248438,-0.7654375
3098,1.0,0.2320293,-1.118875
3116,1.0,0.22644727,-1.011625
3117,-1.0,0.22788867,-3.7604375
3118,1.0,0.18129492,-0.608375
3122,1.0,0.14631836,-0.4338125
3123,1.0,0.16998828,-1.1355625
3129,1.0,0.13388281,-0.929875
3130,1.0,0.12610742,-0.953125
3138,-1.0,0.24993945,-5.5373125
3140,-1.0,0.18333398,-3.381
3142,1.0,0.11643945,-0.48
3146,-1.0,0.19073438,-4.4073125
3149,-1.0,0.36661328,-6.022
3151,1.0,0.21323438,-0.878375
3152,1.0,0.16304102,-0.6496875
3153,-1.0,0.29732031,-4.5391875
3161,1.0,0.14149414,-0.619625
3167,1.0,0.13190039,-0.535
3168,-1.0,0.36959961,-5.9623125
3171,-1.0,0.34438281,-4.893
3177,1.0,0.20406445,-1.2705625
3183,1.0,0.17159961,-0.75375
3188,-1.0,0.2449043,-4.3559375
3208,-1.0,0.39398437,-5.7020625
3213,1.0,0.13112695,-0.6868125
3219,1.0,0.14714258,-0.4634375
3224,-1.0,0.33589062,-4.5236875
3229,1.0,0.20280469,-1.346875
3235,1.0,0.12524609,-0.281875
3245,1.0,0.20143945,-0.727875
3249,1.0,0.12955469,-1.1235625
3251,1.0,0.090236328,-0.5974375
3259,1.0,0.14189063,-0.6464375
3262,1.0,0.1505293,-1.2823125
3265,1.0,0.16164062,-0.879
3280,-1.0,0.35889453,-4.4951875
3285,1.0,0.21766992,-0.907375
3287,1.0,0.25284766,-1.5586875
3293,1.0,0.12036133,-1.40125
3297,1.0,0.17372852,-0.3841875
3299,-1.0,0.30651367,-4.6270625
3301,-1.0,0.27312891,-4.0998125
3303,1.0,0.13116602,-0.756125
3304,-1.0,0.28589844,-4.4878125
3308,-1.0,0.17125391,-3.1401875
3313,-1.0,0.37286523,-4.83775
3318,1.0,0.11962891,-0.4805625
3328,1.0,0.15900781,-0.5613125
3333,1.0,0.23095703,-0.5875
3342,1.0,0.26035937,-1.318125
3344,1.0,0.19900977,-1.1204375
3349,1.0,0.14235547,-0.5439375
3353,-1.0,0.26533594,-4.871
3360,-1.0,0.24624609,-5.011375
3362,-1.0,0.26099023,-5.0278125
3365,-1.0,0.27323437,-4.4154375
3369,-1.0,0.21907031,-3.1823125
3370,-1.0,0.32371875,-4.4525
3375,1.0,0.1970332,-1.14525
3378,1.0,0.11639648,-1.314625
3383,1.0,0.094730469,-0.640625
3392,1.0,0.20186328,-1.2709375
3395,1.0,0.13998437,-0.4235
3396,1.0,0.14380469,-0.87225
3400,1.0,0.1048457,-0.404
3406,1.0,0.10165625,-0.324625
3407,-1.0,0.22279883,-4.62925
3412,1.0,0.16305664,-0.8150625
3415,-1.0,0.28259961,-4.61725
3426,-1.0,0.21282422,-4.698
3431,1.0,0.077263672,-1.0995
3434,-1.0,0.29868555,-5.44775
3441,1.0,0.17305469,-1.5033125
3446,-1.0,0.31258008,-5.577875
3450,1.0,0.14126953,-0.5951875
3459,1.0,0.1357207,-0.4694375
3463,1.0,0.081716797,-0.5680625
3464,1.0,0.089660156,-0.3435
3494,-1.0,0.23544531,-5.3535
3503,-1.0,0.26776367,-4.0185625
3522,1.0,0.14004297,-0.4045
3537,-1.0,0.29039062,-4.55775
3551,1.0,0.11088867,-0.5460625
3555,1.0,0.18055859,-0.52275
3557,1.0,0.12200781,-0.4491875
3560,1.0,0.11741211,-0.589875
3561,1.0,0.11374805,-0.61875
3576,-1.0,0.31123828,-5.179625
3578,1.0,0.10909375,-1.11075
3584,1.0,0.11228125,-0.635
3587,-1.0,0.30776562,-5.9931875
3591,-1.0,0.15175,-2.97025
3598,-1.0,0.33039648,-5.4395
3599,1.0,0.15036328,-0.5105625
3605,1.0,0.15942383,-1.0588125
3606,-1.0,0.35174805,-4.259375
3610,1.0,0.075421875,-0.745375
3612,-1.0,0.28732031,-5.3385
3613,1.0,0.12333398,-0.8314375
3619,-1.0,0.2760918,-4.324
3621,-1.0,0.39990039,-5.5281875
3633,1.0,0.17619141,-1.071875
3637,1.0,0.11741602,-0.7308125
3638,-1.0,0.21464258,-4.6244375
3641,1.0,0.15626562,-1.477
3642,-1.0,0.24214063,-4.5038125
3644,1.0,0.12882031,-0.76225
3645,1.0,0.13519727,-0.3946875
3647,-1.0,0.43591602,-5.860375
3648,-1.0,0.29987109,-4.4885625
3649,1.0,0.13360547,-0.4934375
3652,-1.0,0.35918359,-5.1936875
3653,-1.0,0.30384375,-4.66825
3654,1.0,0.12141992,-0.1913125
3657,-1.0,0.37999023,-5.022125
3658,1.0,0.26012891,-0.84825
3659,1.0,0.21192969,-0.6360625
3660,1.0,0.18276953,-0.6291875
3661,-1.0,0.34343359,-4.500875
3662,-1.0,0.35570117,-4.8763125
3663,1.0,0.15686523,-1.1291875
3666,1.0,0.082171875,-0.5553125
3668,1.0,0.099912109,-0.2281875
3669,1.0,0.09196875,-0.3166875
3676,1.0,0.1179082,-0.281875
3682,1.0,0.10485156,-0.66725
3685,-1.0,0.18800781,-3.768125
3686,-1.0,0.23883594,-4.293125
3687,1.0,0.1204668,-0.5898125
3691,1.0,0.13850195,-0.655
3696,1.0,0.10866797,-0.5028125
3697,1.0,0.098341797,-0.499875
3701,1.0,0.10531641,-0.38825
3702,1.0,0.11030664,-0.315125
3703,-1.0,0.23888281,-5.203
3704,1.0,0.137,-0.6551875
3706,1.0,0.13151758,-0.8149375
3715,1.0,0.098625,-0.7690625
3717,-1.0,0.45997461,-6.2921875
3718,1.0,0.17666211,-0.451375
3719,1.0,0.21139453,-0.498375
3721,1.0,0.17188867,-0.9570625
3729,-1.0,0.32398437,-5.519
3730,1.0,0.12803125,-1.108625
3741,1.0,0.20137891,-0.74275
3746,1.0,0.10131836,-0.49875
3749,-1.0,0.24407227,-4.229
3754,1.0,0.12868945,-0.7908125
3765,-1.0,0.24999023,-4.23425
3766,1.0,0.1595,-0.8375
3770,1.0,0.10248828,-0.332125
3782,1.0,0.20068359,-0.5784375
3783,1.0,0.094980469,-0.3855
3793,-1.0,0.26863672,-3.92925
3797,-1.0,0.33615625,-4.82075
3798,-1.0,0.37671289,-4.9030625
3804,-1.0,0.35058203,-5.5184375
3807,-1.0,0.15662109,-3.363625
3831,-1.0,0.24387891,-4.462125
3836,-1.0,0.2542207,-4.6595
3841,1.0,0.14410742,-0.680875
3851,-1.0,0.23759961,-3.883125
3859,-1.0,0.15335352,-3.1814375
3864,-1.0,0.31617773,-5.575875
3865,-1.0,0.33393945,-5.0185
3869,1.0,0.18408398,-1.84125
3871,1.0,0.094044922,-0.4548125
3874,1.0,0.089603516,-0.2883125
3876,1.0,0.15856836,-0.29775
3886,1.0,0.12512305,-0.399
3891,1.0,0.12841406,-0.606875
3900,-1.0,0.27375977,-5.0396875
3903,1.0,0.10089258,-0.755375
3905,-1.0,0.45030664,-4.5109375
3907,1.0,0.19080664,-0.4435
3914,-1.0,0.29270508,-5.25575
3920,-1.0,0.32026367,-6.1031875
3923,-1.0,0.30499414,-5.6374375
3924,-1.0,0.31149023,-4.888
3926,1.0,0.16867969,-0.6488125
3930,1.0,0.082208984,-0.7716875
3940,-1.0,0.29332227,-5.5399375
3941,-1.0,0.30049023,-4.7780625
3946,-1.0,0.20055078,-4.0369375
3948,1.0,0.10423633,-0.6513125
3950,1.0,0.10682617,-0.819125
3952,1.0,0.12527344,-0.50725
3958,-1.0,0.18700195,-3.6405
3962,1.0,0.12323242,-0.380125
3966,-1.0,0.31383203,-5.590375
3972,-1.0,0.40238867,-4.4288125
3973,-1.0,0.33367383,-4.751375
3975,1.0,0.20983008,-0.48175
3979,1.0,0.23014453,-0.8570625
3983,1.0,0.16304102,-0.7679375
3987,1.0,0.13646875,-0.7035
3989,1.0,0.17312305,-0.571875
3995,1.0,0.20600586,-0.7874375
3997,1.0,0.19561914,-0.8390625
4001,1.0,0.12008008,-0.25775
4008,-1.0,0.3155957,-4.250125
4016,1.0,0.10151172,-0.2658125
4018,-1.0,0.2073418,-3.732875
4019,-1.0,0.29419531,-5.00075
4027,-1.0,0.2588418,-4.531875
4031,1.0,0.087685547,-0.4531875
4049,1.0,0.18242383,-0.55425
4056,-1.0,0.37291602,-5.604
4060,-1.0,0.15605664,-3.3848125
4075,1.0,0.090515625,-0.3639375
4080,1.0,0.1407793,-0.6819375
4083,-1.0,0.21972656,-4.0135
4086,-1.0,0.30444727,-5.1534375
4090,1.0,0.20376172,-0.978
4095,-1.0,0.39944727,-5.0774375
4103,1.0,0.13136719,-0.8565625
4109,-1.0,0.22061328,-3.57275
4111,-1.0,0.23155859,-4.342375
4114,-1.0,0.17587695,-3.6184375
4116,1.0,0.12408984,-0.189
4121,-1.0,0.39452734,-5.0855
4134,1.0,0.095197266,-0.3486875
4135,1.0,0.12140039,-1.143
4137,-1.0,0.2189375,-4.7980625
4138,-1.0,0.23667187,-4.167375
4151,1.0,0.094089844,-0.35575
4165,1.0,0.099154297,-0.773875
4174,-1.0,0.25246094,-4.52725
4175,-1.0,0.31454688,-4.9918125
4180,1.0,0.21675391,-1.0773125
4189,-1.0,0.36413867,-6.3994375
4193,1.0,0.14318945,-0.675125
4203,-1.0,0.22468359,-4.2766875
4204,-1.0,0.24639063,-4.836125
4206,1.0,0.11387891,-0.82475
4214,-1.0,0.10407031,-2.424125
4224,1.0,0.10687305,-0.574
4227,-1.0,0.31027734,-5.6106875
4231,1.0,0.14930469,-0.344
4246,1.0,0.10986133,-1.25375
4257,1.0,0.12254492,-0.5324375
4258,1.0,0.11367188,-0.2075625
4265,1.0,0.12725781,-0.9393125
4271,1.0,0.14340234,-0.4580625
4283,1.0,0.1196875,-0.91925
4284,1.0,0.13744531,-0.3645625
4288,1.0,0.19628125,-0.9126875
4292,1.0,0.12369336,-0.511125
4297,1.0,0.18658008,-1.3195
4300,1.0,0.21427539,-0.7265625
4310,-1.0,0.38444141,-4.484
4311,-1.0,0.37807812,-5.0475
4318,1.0,0.088017578,-0.839125
4319,-1.0,0.25825195,-4.7050625
4324,1.0,0.18004883,-0.660875
4333,1.0,0.0866875,-0.53075
4336,1.0,0.17012109,-0.9794375
4337,-1.0,0.29933594,-5.2721875
4338,-1.0,0.28783203,-5.12625
4341,-1.0,0.24499219,-4.573
4342,1.0,0.076007812,-0.794375
4347,1.0,0.11025195,-0.245875
4356,-1.0,0.43064648,-5.9849375
4365,-1.0,0.30909961,-4.58375
4366,1.0,0.21106641,-1.4304375
4372,-1.0,0.29062305,-5.0640625
4378,-1.0,0.3282168,-6.19075
4379,-1.0,0.39866602,-5.4680625
4400,1.0,0.12306641,-0.3733125
4404,1.0,0.23102539,-0.31325
4412,1.0,0.15599219,-0.976125
4418,-1.0,0.29203516,-4.9071875
4423,-1.0,0.21123633,-4.2875
4432,-1.0,0.24498437,-4.217875
4438,-1.0,0.45663086,-6.1100625
4446,-1.0,0.24031641,-4.144875
4455,1.0,0.18005273,-0.5976875
4465,1.0,0.23630273,-1.0464375
4467,1.0,0.20524219,-0.7213125
4470,-1.0,0.34943555,-4.5045
4474,1.0,0.14083008,-0.521
4481,-1.0,0.25045312,-5.030375
4485,1.0,0.10266602,-0.3030625
4493,1.0,0.12006641,-0.2590625
4500,-1.0,0.3662168,-5.5426875
4506,1.0,0.16295312,-0.648
4507,1.0,0.16965039,-0.768625
4514,-1.0,0.27758789,-5.3843125
4523,1.0,0.1772793,-0.761
4527,-1.0,0.2814668,-3.89525
4548,-1.0,0.24623047,-4.563
4549,-1.0,0.25221875,-5.3188125
4561,-1.0,0.1867168,-3.8624375
4569,1.0,0.10920508,-0.5159375
4574,-1.0,0.22005664,-4.01325
4592,-1.0,0.30969531,-4.8235625
4604,1.0,0.16279883,-1.3314375
4608,1.0,0.13242773,-0.5873125
4618,-1.0,0.25135156,-5.2499375
4623,1.0,0.10847266,-0.7294375
4624,-1.0,0.27326758,-5.4265
4625,-1.0,0.2585625,-5.0456875
4636,1.0,0.15972852,-0.6175625
4639,-1.0,0.30285937,-5.6975625
4641,1.0,0.10000977,-0.54025
4649,1.0,0.11242773,-0.6503125
4655,-1.0,0.21794531,-3.825375
4671,-1.0,0.30346094,-5.1415
4676,1.0,0.1687168,-1.07825
4685,1.0,0.14550586,-0.4994375
4688,-1.0,0.28564453,-4.8018125
4690,1.0,0.14422852,-0.453125
4708,1.0,0.099580078,-0.4653125
4712,1.0,0.13085352,-0.681625
4718,-1.0,0.30116211,-5.28175
4719,-1.0,0.38377344,-6.2124375
4722,-1.0,0.33831641,-5.011375
4726,-1.0,0.15964258,-4.055
4732,-1.0,0.21822266,-3.4904375
4737,1.0,0.094498047,-0.5005
4743,1.0,0.076214844,-0.8195
4745,1.0,0.17911133,-0.8889375
4768,-1.0,0.39941406,-5.231875
4769,-1.0,0.3675957,-5.8905625
4770,1.0,0.18062891,-0.5714375
4787,1.0,0.1101543,-0.4315625
4795,1.0,0.10205469,-0.46125
4797,1.0,0.088183594,-0.51125
4801,-1.0,0.21958594,-4.20025
4816,1.0,0.09271875,-0.50975
4817,1.0,0.13844922,-0.5644375
4827,-1.0,0.2936582,-4.881
4832,1.0,0.12203125,-0.36325
4837,1.0,0.18491797,-1.406
4844,-1.0,0.24779688,-4.3188125
4845,-1.0,0.28594531,-5.5890625
4852,1.0,0.15279492,-0.351375
4855,1.0,0.17974414,-0.6109375
4861,-1.0,0.39553906,-4.077875
4864,-1.0,0.32921094,-5.0735625
4865,-1.0,0.23776758,-4.4204375
4867,-1.0,0.23776758,-4.6514375
4870,1.0,0.12977539,-0.7744375
4872,-1.0,0.28563477,-5.0140625
4873,1.0,0.10953906,-0.2093125
4880,-1.0,0.18161914,-3.980125
4885,-1.0,0.34759375,-5.3243125
4902,1.0,0.28905469,-3.669375
4907,1.0,0.1299668,-0.6614375
4911,-1.0,0.21999219,-4.3706875
4915,-1.0,0.30235937,-4.5140625
4919,-1.0,0.369375,-4.5480625
4935,-1.0,0.25419531,-4.5434375
4937,1.0,0.12097266,-1.23825
4938,-1.0,0.2731875,-5.0144375
4939,-1.0,0.29423437,-5.510375
4946,1.0,0.16407031,-0.9909375
4947,1.0,0.19822656,-0.4559375
4951,1.0,0.11247852,-0.70775
4957,1.0,0.11146289,-0.525625
4974,1.0,0.1625918,-0.7711875
4980,-1.0,0.26322461,-5.4883125
4981,1.0,0.12621094,-0.2626875
4984,1.0,0.11013086,-0.2614375
4986,-1.0,0.28383789,-4.0355
4987,-1.0,0.35208008,-4.6825
4995,1.0,0.090832031,-0.413625
4999,1.0,0.15547266,-1.14625
5005,1.0,0.15591992,-0.8040625
5008,1.0,0.092617187,-0.48525
5009,1.0,0.10375,-0.3034375
5010,1.0,0.076640625,-0.559
5012,-1.0,0.30614453,-5.2485625
5013,-1.0,0.30364453,-5.5271875
5015,1.0,0.11448242,-0.395875
5017,1.0,0.14642578,-1.6275625
5023,-1.0,0.15937305,-3.3386875
5039,-1.0,0.16400781,-3.708375
5040,-1.0,0.14236523,-2.8335
5041,1.0,0.082849609,-0.51425
5042,1.0,0.097117188,-0.2763125
5043,1.0,0.088917969,-0.41075
5044,1.0,0.13744922,-0.5033125
5046,1.0,0.16908984,-1.0158125
5050,-1.0,0.30972266,-5.4668125
5063,-1.0,0.27334961,-5.794
5064,-1.0,0.22604883,-4.733125
5068,1.0,0.22366992,-1.713625
5070,1.0,0.17925391,-0.3043125
5075,1.0,0.16488281,-0.8014375
5076,1.0,0.16041602,-1.4425625
5079,-1.0,0.26363281,-4.3346875
5083,1.0,0.15711523,-0.3749375
5098,1.0,0.1085,-1.054
5100,-1.0,0.34606445,-6.244125
5101,-1.0,0.27218164,-4.5251875
5105,-1.0,0.22181641,-4.1625625
5109,1.0,0.096857422,-0.671
5119,1.0,0.16453125,-1.2055625
5121,1.0,0.22076563,-0.85375
5124,-1.0,0.21443945,-4.1285625
5125,1.0,0.13367773,-0.4679375
5128,1.0,0.16836328,-0.9831875
5134,1.0,0.1366582,-0.8914375
5136,1.0,0.11336719,-0.547625
5142,1.0,0.11625781,-1.134125
5160,-1.0,0.2355957,-4.287875
5161,-1.0,0.31257617,-5.3324375
5167,1.0,0.20705664,-0.99
5178,1.0,0.23139062,-0.6240625
5180,-1.0,0.44727148,-5.6630625
5184,1.0,0.11569922,-0.3685625
5188,-1.0,0.26904297,-4.7441875
5198,1.0,0.13254688,-0.71225
5202,-1.0,0.36598828,-5.2701875
5205,-1.0,0.31229102,-6.0148125
5206,-1.0,0.44730469,-5.969375
5210,-1.0,0.16499609,-2.9005
5211,-1.0,0.17932031,-2.390125
5213,1.0,0.082671875,-0.6861875
5216,1.0,0.18921875,-0.769625
5221,-1.0,0.41330273,-6.1581875
5222,-1.0,0.19066406,-3.7959375
5223,-1.0,0.22706055,-4.6515625
5224,1.0,0.11476953,-0.8813125
5230,1.0,0.25085156,-0.6616875
5234,-1.0,0.25650781,-4.108625
5236,-1.0,0.37120117,-5.6313125
5237,1.0,0.086097656,-1.1035
5256,-1.0,0.27845508,-4.615
5257,-1.0,0.32357617,-5.043375
5272,1.0,0.11790625,-0.303625
5276,1.0,0.16215625,-0.8524375
5278,1.0,0.14965625,-0.3728125
5284,1.0,0.12167188,-0.3645
5291,1.0,0.25786328,-0.944125
5301,1.0,0.10613281,-0.24175
5305,-1.0,0.21193945,-3.8865
5309,-1.0,0.20489258,-4.5708125
5315,1.0,0.11179687,-0.3708125
5323,-1.0,0.37115234,-5.0883125
5324,1.0,0.19703125,-1.2106875
5327,1.0,0.11030664,-0.3095625
5330,1.0,0.094185547,-0.5078125
5334,-1.0,0.37664063,-5.6056875
5338,1.0,0.17282813,-0.844375
5345,-1.0,0.28219141,-4.966625
5347,1.0,0.14059961,-0.430375
5348,1.0,0.13075781,-0.4119375
5352,1.0,0.18823633,-0.584125
5357,1.0,0.17061719,-0.85125
5358,1.0,0.17968555,-0.65175
5362,1.0,0.19653906,-0.4888125
5367,1.0,0.12494922,-0.4011875
5368,1.0,0.11653906,-0.91975
5373,-1.0,0.25155859,-4.918375
5375,-1.0,0.25415625,-5.34975
5380,-1.0,0.3091875,-5.107
5383,1.0,0.12818555,-1.0766875
5391,-1.0,0.18000586,-2.755125
5398,1.0,0.16345508,-1.4323125
5399,1.0,0.15147266,-0.878625
5405,1.0,0.16926563,-0.444
5406,-1.0,0.36560547,-5.119625
5411,-1.0,0.38048438,-5.484625
5417,1.0,0.15340039,-0.8690625
5422,1.0,0.1204043,-0.27
5430,-1.0,0.31440039,-5.4684375
5431,-1.0,0.29119141,-3.1743125
5434,1.0,0.18852539,-0.7250625
5439,1.0,0.14018359,-0.7805
5441,1.0,0.11500781,-0.2405625
5443,-1.0,0.31914844,-4.2864375
5445,1.0,0.1582207,-0.76625
5453,1.0,0.12050781,-0.4821875
5458,1.0,0.18616406,-0.32975
5459,1.0,0.17527344,-0.6795
5461,1.0,0.10791797,-0.749875
5463,1.0,0.099896484,-0.499875
5467,1.0,0.17454492,-1.0478125
5472,1.0,0.14049023,-0.4394375
5479,1.0,0.11278516,-1.221
5482,1.0,0.10293945,-0.3921875
5483,1.0,0.091978516,-0.4714375
5484,1.0,0.12050391,-0.5638125
5486,1.0,0.10688477,-0.239125
5488,1.0,0.24219531,-1.26275
5491,1.0,0.24021875,-0.7291875
5493,1.0,0.098892578,-0.6958125
5496,1.0,0.11540039,-0.835625
5498,1.0,0.1463125,-0.5529375
5502,1.0,0.094371094,-0.669875
5503,1.0,0.10129297,-0.3945
5507,1.0,0.12153516,-0.538125
5512,1.0,0.166,-1.25175
5517,1.0,0.1389707,-0.4585625
5521,1.0,0.12325977,-0.4654375
5524,1.0,0.13203906,-0.3524375
5526,1.0,0.10169141,-0.2866875
5531,1.0,0.096521484,-0.7900625
5535,1.0,0.10144727,-0.3619375
5536,1.0,0.074298828,-1.0331875
5541,1.0,0.19226758,-0.54525
5549,1.0,0.12051562,-0.6193125
5552,1.0,0.15201953,-0.5875625
5554,1.0,0.14479102,-0.7799375
5557,1.0,0.13817773,-0.51925
5559,1.0,0.11148242,-0.46475
5562,1.0,0.12692578,-0.5176875
5564,1.0,0.1220293,-0.50725
5567,1.0,0.12993359,-0.263125
5569,1.0,0.073650391,-1.0048125
5572,1.0,0.097087891,-0.6216875
5575,1.0,0.089023438,-0.5033125
5592,-1.0,0.27748437,-4.232625
5597,-1.0,0.22673242,-4.5121875
5602,-1.0,0.13432812,-2.488
5608,1.0,0.207125,-0.7299375
5614,1.0,0.13973242,-0.7441875
5618,1.0,0.17530078,-0.9114375
5623,1.0,0.11089844,-0.2035625
5654,1.0,0.21480469,-0.8688125
5659,1.0,0.13499609,-0.7698125
5663,1.0,0.1322207,-0.179
5665,1.0,0.11324219,-0.802375
5668,1.0,0.16694141,-0.9258125
5680,-1.0,0.29301563,-5.014
5685,1.0,0.12264258,-1.255875
5697,1.0,0.11850391,-0.650625
5699,-1.0,0.34613867,-4.878
5701,1.0,0.11933008,-1.317
5704,-1.0,0.30482617,-3.0379375
5708,-1.0,0.32592383,-4.158
5719,-1.0,0.27324805,-4.7464375
5726,-1.0,0.26039062,-4.573875
5728,-1.0,0.23752344,-3.9145
5731,1.0,0.15450781,-0.4694375
5742,1.0,0.1560293,-0.5514375
5747,1.0,0.30291602,-0.991625
5748,1.0,0.31554102,-1.5011875
5752,-1.0,0.286375,-4.498375
5754,-1.0,0.17342969,-3.4353125
5762,1.0,0.16424414,-1.067375
5763,1.0,0.14164258,-1.2774375
5766,1.0,0.13012695,-0.6781875
5769,1.0,0.094574219,-0.393375
5770,1.0,0.10383789,-1.3301875
5772,1.0,0.097498047,-1.346875
5773,1.0,0.10355469,-1.358375
5788,-1.0,0.26600391,-5.95225
5793,-1.0,0.20650391,-3.9256875
5797,1.0,0.10168555,-0.2433125
5811,1.0,0.10214453,-0.3369375
5812,1.0,0.096841797,-0.3508125
5816,1.0,0.12479883,-0.6433125
5827,1.0,0.1972168,-0.7253125
5829,-1.0,0.40545312,-6.2274375
5832,1.0,0.16160156,-0.482125
5834,-1.0,0.32581836,-5.1521875
5844,1.0,0.13950586,-0.9530625
5848,1.0,0.25748828,-0.9090625
5850,1.0,0.21317188,-0.3318125
5854,1.0,0.14039258,-0.50475
5861,-1.0,0.23612891,-4.33225
5867,-1.0,0.45595703,-5.719625
5868,1.0,0.15374805,-1.035875
5869,-1.0,0.330375,-4.9874375
5871,-1.0,0.40119336,-7.3266875
5875,-1.0,0.20789063,-3.1371875
5880,1.0,0.2164375,-0.5284375
5881,1.0,0.18120703,-0.5469375
5884,1.0,0.15630078,-1.555375
5888,-1.0,0.19514063,-3.7558125
5893,-1.0,0.21905469,-3.8708125
5898,-1.0,0.41617578,-5.48325
5903,1.0,0.16394531,-1.220625
5907,1.0,0.13239258,-0.7931875
5912,1.0,0.20820312,-0.5004375
5915,1.0,0.16663672,-1.2071875
5917,1.0,0.19907422,-0.9955
5922,-1.0,0.30120898,-4.5260625
5925,-1.0,0.35631055,-5.519
5930,-1.0,0.30795703,-6.1831875
5932,-1.0,0.27466602,-6.4654375
5935,-1.0,0.32593555,-5.2068125
5938,1.0,0.2432207,-0.8563125
5942,1.0,0.10604102,-0.3180625
5943,1.0,0.099923828,-0.4315
5946,1.0,0.11803906,-0.4515625
5948,-1.0,0.23947656,-3.9203125
5951,1.0,0.11346094,-0.9969375
5952,1.0,0.13479492,-1.7898125
5953,1.0,0.087550781,-0.7065
5959,-1.0,0.35628711,-6.539625
5961,1.0,0.18500391,-0.453625
5964,-1.0,0.24758594,-5.0631875
5969,-1.0,0.1999375,-3.966625
5971,-1.0,0.21671484,-4.16775
5974,-1.0,0.50546875,-2.978125
5977,-1.0,0.34544336,-5.7846875
5978,-1.0,0.34107617,-5.24025
5979,1.0,0.16987305,-0.8109375
5982,-1.0,0.2635918,-5.0038125
5983,-1.0,0.26429297,-4.2974375
5987,-1.0,0.34817773,-5.007625
5994,-1.0,0.15477344,-3.1905625
5995,-1.0,0.20798828,-4.5903125
5998,-1.0,0.2029707,-4.5528125
5999,-1.0,0.16221484,-3.8394375
6000,-1.0,0.16737891,-4.012875
6001,-1.0,0.26544531,-4.9369375
6002,-1.0,0.22532617,-3.8934375
6004,1.0,0.18665039,-1.145625
6005,-1.0,0.27839258,-5.0685
6006,-1.0,0.39371289,-5.3565
6007,-1.0,0.4003418,-4.8186875
6009,1.0,0.21882617,-0.8991875
6011,1.0,0.18990234,-1.227375
6020,1.0,0.13131055,-0.839625
6029,1.0,0.12651562,-0.575875
6034,1.0,0.1740918,-0.6516875
6049,1.0,0.15716602,-1.198625
6051,1.0,0.13534766,-0.5673125
6053,-1.0,0.40289063,-5.0608125
6058,-1.0,0.18193164,-4.0205
6077,1.0,0.15392969,-0.8336875
6086,-1.0,0.29921875,-5.0480625
6108,1.0,0.17749023,-1.3291875
6110,1.0,0.19226758,-0.76975
6115,1.0,0.12094922,-0.8600625
6130,1.0,0.17516211,-0.640875
6134,1.0,0.099724609,-0.323875
6139,1.0,0.13491797,-0.6651875
6140,1.0,0.15436523,-0.9586875
6144,1.0,0.12639453,-1.29225
6149,1.0,0.20559375,-0.657125
6150,1.0,0.20822461,-0.7538125
6157,-1.0,0.24937305,-5.06975
6158,-1.0,0.21367187,-5.067625
6159,1.0,0.11064453,-0.701125
6161,-1.0,0.3006875,-3.8331875
6165,-1.0,0.31645703,-4.6393125
6167,1.0,0.2133125,-0.990375
6172,-1.0,0.21133984,-4.653
6177,-1.0,0.26028125,-5.3745
6180,-1.0,0.36280859,-5.7243125
6193,-1.0,0.29311328,-4.3414375
6201,-1.0,0.22214258,-4.20075
6208,1.0,0.11556836,-0.6775625
6214,1.0,0.11764258,-0.402625
6220,1.0,0.1232832,-0.8015625
6226,-1.0,0.27653711,-4.9450625
6228,-1.0,0.27436328,-4.999875
6230,1.0,0.18051758,-0.4456875
6232,1.0,0.13882031,-0.411375
6233,1.0,0.095435547,-0.3585
6238,1.0,0.17983594,-1.146625
6239,1.0,0.10081836,-0.3579375
6241,-1.0,0.21148828,-4.67825
6243,-1.0,0.25700195,-5.4485
6266,1.0,0.19230078,-1.6540625
6270,1.0,0.15078711,-0.7690625
6271,-1.0,0.31710937,-4.3620625
6276,1.0,0.10748437,-0.9036875
6279,-1.0,0.2314668,-4.4350625
6281,1.0,0.14973047,-0.452375
6286,1.0,0.27030078,-1.6701875
6289,-1.0,0.22239453,-4.231375
6295,1.0,0.13665039,-0.72075
6296,-1.0,0.23898828,-4.7155
6297,-1.0,0.36478711,-5.8079375
6302,-1.0,0.29875586,-5.5695
6307,-1.0,0.41792383,-5.6728125
6324,-1.0,0.28633789,-6.1458125
6327,-1.0,0.18764453,-4.048125
6330,-1.0,0.25813086,-3.672125
6333,1.0,0.1055293,-0.610375
6338,-1.0,0.31997461,-4.7644375
6340,1.0,0.12122656,-1.3519375
6347,1.0,0.10492383,-0.9184375
6351,1.0,0.1434043,-0.8819375
6353,-1.0,0.31799219,-3.949
6354,1.0,0.13449609,-0.8108125
6362,1.0,0.080568359,-0.575125
6366,1.0,0.092001953,-0.715875
6368,1.0,0.13867969,-0.859
6370,1.0,0.18249023,-1.704875
6371,1.0,0.14428711,-0.579375
6372,-1.0,0.24804883,-4.5755625
6375,1.0,0.1407832,-1.13525
6376,1.0,0.1527168,-1.0211875
6377,-1.0,0.22599805,-4.295625
6380,-1.0,0.26445117,-6.1681875
6383,-1.0,0.2009082,-3.641875
6387,1.0,0.1173418,-0.5135
6399,1.0,0.12603711,-0.642625
6400,1.0,0.10416406,-1.4846875
6403,1.0,0.14710938,-0.22725
6410,1.0,0.12719922,-0.9071875
6413,-1.0,0.1526582,-3.2295625
6419,1.0,0.19366406,-0.4765
6420,1.0,0.16120703,-0.412125
6421,1.0,0.14616992,-0.3716875
6423,-1.0,0.28,-4.6884375
6427,1.0,0.12774414,-1.2005625
6431,1.0,0.20523242,-0.36
6436,1.0,0.16234766,-0.581
6440,1.0,0.16658789,-0.4264375
6445,1.0,0.11253125,-0.847
6446,1.0,0.11959766,-0.6028125
6447,-1.0,0.28729883,-5.168375
6450,1.0,0.20046875,-2.5005
6451,-1.0,0.24790039,-4.9433125
6454,1.0,0.17189844,-0.5083125
6476,1.0,0.13027148,-1.22175
6481,1.0,0.090445312,-1.3025
6484,1.0,0.23038086,-0.734625
6489,1.0,0.24347461,-0.5854375
6490,1.0,0.2222168,-0.8699375
6494,1.0,0.15344531,-0.9359375
6496,-1.0,0.24075195,-4.7785625
6497,-1.0,0.33158594,-4.5533125
6502,-1.0,0.25719141,-3.743625
6508,1.0,0.12721289,-1.0301875
6513,1.0,0.14048633,-0.548125
6519,1.0,0.14204102,-0.9299375
6525,-1.0,0.21408984,-4.0924375
6533,-1.0,0.3429043,-4.523625
6540,-1.0,0.40263672,-5.2531875
6541,-1.0,0.20539453,-4.3329375
6547,-1.0,0.33398242,-4.921625
6549,1.0,0.14331055,-0.5680625
6556,-1.0,0.31304102,-5.107625
6562,-1.0,0.27183984,-5.1100625
6573,1.0,0.1275957,-0.4744375
6576,1.0,0.114125,-0.3439375
6580,1.0,0.1231543,-0.2958125
6581,1.0,0.12404102,-1.078
6586,1.0,0.27432812,-1.215
6591,1.0,0.094205078,-0.4821875
6596,1.0,0.13792578,-0.669875
6601,1.0,0.17559766,-1.279625
6606,1.0,0.15954297,-0.5095625
6607,1.0,0.16238672,-0.7190625
6609,-1.0,0.31008008,-5.411625
6610,-1.0,0.36270117,-5.643375
6616,-1.0,0.26446094,-4.773
6618,-1.0,0.2559707,-4.602625
6621,1.0,0.099089844,-0.5843125
6626,-1.0,0.38399023,-4.735
6631,-1.0,0.31316406,-5.430125
6633,-1.0,0.31185352,-4.9824375
6644,-1.0,0.31124219,-6.1073125
6651,1.0,0.13301367,-0.365
6652,1.0,0.14988672,-0.6948125
6656,1.0,0.12496484,-0.490625
6661,-1.0,0.293625,-4.611625
6673,1.0,0.17290039,-0.6088125
6675,-1.0,0.3272793,-5.0328125
6676,1.0,0.17580078,-1.0739375
6685,-1.0,0.30435937,-6.94625
6688,-1.0,0.28625391,-5.183375
6692,1.0,0.18552734,-0.451625
6693,1.0,0.17061133,-0.6801875
6697,1.0,0.12242383,-0.682625
6698,1.0,0.14089453,-0.61575
6702,1.0,0.22610742,-1.3413125
6703,1.0,0.17572852,-0.45175
6704,-1.0,0.30619336,-5.593375
6706,-1.0,0.2345,-5.0680625
6709,-1.0,0.18423828,-4.0299375
6711,-1.0,0.37297266,-4.1598125
6716,-1.0,0.36199023,-5.0789375
6720,-1.0,0.37275586,-7.081375
6721,-1.0,0.35354297,-7.0851875
6723,1.0,0.18260742,-0.348375
6724,1.0,0.13801367,-0.5496875
6725,-1.0,0.35895703,-6.632125
6733,1.0,0.11638867,-0.3818125
6736,1.0,0.1700625,-0.4009375
6737,1.0,0.27775586,-1.43175
6743,1.0,0.11418945,-0.9640625
6745,-1.0,0.41917187,-5.483375
6756,1.0,0.15311328,-1.0805
6759,-1.0,0.068048828,-0.315
6763,1.0,0.15641602,-0.9435
6764,-1.0,0.31582422,-4.7633125
6765,-1.0,0.19463281,-4.043
6786,1.0,0.15857227,-0.69325
6794,1.0,0.093871094,-0.28325
6795,1.0,0.089751953,-0.562625
6804,1.0,0.11033203,-0.3363125
6809,1.0,0.16300977,-0.52175
6812,1.0,0.16986914,-0.6136875
6817,1.0,0.19591602,-0.486625
6822,1.0,0.12719922,-1.6950625
6829,1.0,0.093728516,-0.86875
6833,1.0,0.11539648,-0.379
6834,1.0,0.11825195,-0.527125
6835,-1.0,0.41373437,-5.745875
6836,-1.0,0.39512695,-4.9090625
6840,-1.0,0.41708984,-7.1114375
6844,-1.0,0.35916016,-4.7018125
6845,-1.0,0.32087109,-5.274625
6851,1.0,0.18249219,-0.9104375
6853,1.0,0.17750586,-0.623
6856,1.0,0.12673438,-0.627125
6858,1.0,0.108125,-0.338375
6861,1.0,0.15634961,-0.458625
6863,1.0,0.15819336,-0.981875
6864,1.0,0.19116602,-1.706625
6866,1.0,0.1468125,-0.956875
6869,1.0,0.20376953,-0.6386875
6872,-1.0,0.36837695,-6.2575
6875,1.0,0.13191211,-0.392625
6876,-1.0,0.36276172,-4.9273125
6894,1.0,0.15412891,-0.297
6897,1.0,0.10912695,-1.035375
6898,1.0,0.10581641,-0.5499375
6900,-1.0,0.40685938,-5.1049375
6902,1.0,0.21485938,-0.885625
6905,-1.0,0.28948047,-5.2085
6909,1.0,0.1252207,-0.51525
6910,-1.0,0.35732227,-6.6468125
6912,-1.0,0.3703457,-6.1079375
6914,1.0,0.18694922,-1.42925
6915,-1.0,0.25339062,-4.637125
6928,1.0,0.20436328,-0.445625
6931,1.0,0.105125,-0.7613125
6936,-1.0,0.19591602,-3.3183125
6944,1.0,0.13683008,-0.8329375
6950,1.0,0.12449023,-0.4356875
6954,1.0,0.10494922,-0.7160625
6955,1.0,0.10514258,-0.224
6962,1.0,0.35157227,-1.6589375
6966,1.0,0.14219141,-0.4508125
6967,1.0,0.1447207,-0.6491875
6971,1.0,0.17333594,-1.2938125
6976,1.0,0.12987891,-0.588625
6983,1.0,0.12447852,-0.4695
6993,-1.0,0.32278711,-6.0531875
6996,-1.0,0.26810547,-6.101125
6998,1.0,0.16695313,-0.54225
7005,1.0,0.10458203,-0.34025
7017,-1.0,0.36524414,-5.6711875
7022,-1.0,0.21464844,-5.0144375
7027,1.0,0.13350781,-0.791375
7032,1.0,0.13016992,-0.2438125
7035,1.0,0.12068359,-0.45025
7050,1.0,0.11573047,-0.8244375
7051,1.0,0.10584961,-0.2670625
7053,1.0,0.13685547,-1.0016875
7055,-1.0,0.28458594,-6.0638125
7068,-1.0,0.25924219,-5.2435
7075,-1.0,0.26591016,-3.618625
7077,1.0,0.17308008,-1.1093125
7088,-1.0,0.23612109,-4.8973125
7089,-1.0,0.24375781,-4.0209375
7098,-1.0,0.32016211,-4.0165625
7106,1.0,0.1390332,-0.3398125
7118,1.0,0.14047461,-0.329875
7126,1.0,0.1491582,-0.2735625
7128,1.0,0.11901953,-0.52775
7134,-1.0,0.35369141,-4.686375
7136,1.0,0.15455078,-0.7871875
7139,-1.0,0.27696484,-4.2766875
7141,-1.0,0.27724023,-3.912125
7145,-1.0,0.2792832,-4.56025
7147,1.0,0.13374023,-0.63775
7150,1.0,0.2023457,-0.782375
7152,1.0,0.16867578,-0.6668125
7155,1.0,0.13520312,-0.518125
7158,-1.0,0.2860332,-5.7048125
7160,1.0,0.14095898,-0.400125
7163,-1.0,0.48453711,-3.700375
7167,-1.0,0.31548633,-4.1495
7169,1.0,0.15826172,-0.267
7170,1.0,0.1653418,-0.5401875
7181,1.0,0.10489844,-0.33525
7183,-1.0,0.26807227,-5.3609375
7184,-1.0,0.22942383,-3.4251875
7188,1.0,0.10010156,-0.3700625
7193,-1.0,0.20572656,-4.2385
7196,-1.0,0.24443555,-3.5398125
7210,1.0,0.14058203,-0.764375
7211,1.0,0.098832031,-0.55675
7214,1.0,0.26740625,-0.86625
7219,1.0,0.12051562,-0.2690625
7224,1.0,0.15219141,-0.6
7229,1.0,0.22366797,-1.3763125
7234,1.0,0.18711914,-2.3135
7235,-1.0,0.29265039,-4.442625
7239,1.0,0.16342383,-1.017125
7240,-1.0,0.25596094,-4.934375
7245,-1.0,0.27296094,-5.079125
7260,-1.0,0.19947461,-4.2119375
7265,-1.0,0.36796094,-5.66
7268,-1.0,0.35529297,-4.68275
7270,-1.0,0.23288086,-4.4238125
7283,1.0,0.19510352,-1.2179375
7284,1.0,0.1688457,-0.58225
7289,1.0,0.2762207,-0.91625
